{"cameraMode":{"drawMode":0,"name":"Shaded","section":"Shading Mode"},"sceneLighting":true,"audioPlay":false,"sceneViewState":{"m_AlwaysRefresh":false,"showFog":true,"showSkybox":true,"showFlares":true,"showImageEffects":true,"showParticleSystems":true,"showVisualEffectGraphs":true,"m_FxEnabled":true},"in2DMode":false,"pivot":{"x":-0.5679011344909668,"y":0.5202300548553467,"z":-0.7087888717651367},"rotation":{"x":0.18942426145076753,"y":0.2643541097640991,"z":-0.05303708091378212,"w":0.9441534876823425},"size":2.5068626403808595,"orthographic":true}