{"cameraMode":{"drawMode":0,"name":"Shaded","section":"Shading Mode"},"sceneLighting":false,"audioPlay":false,"sceneViewState":{"m_AlwaysRefresh":false,"showFog":true,"showSkybox":false,"showFlares":true,"showImageEffects":true,"showParticleSystems":true,"showVisualEffectGraphs":true,"m_FxEnabled":true},"in2DMode":false,"pivot":{"x":0.07184996455907822,"y":0.3901698589324951,"z":0.020138269290328027},"rotation":{"x":0.08536868542432785,"y":-0.901974081993103,"z":0.20928913354873658,"w":0.36791327595710757},"size":0.2302306592464447,"orthographic":true}